{"origin": [-0.27680742767650307, 0.7378328038376817, 0.0527168850478259, 2.277303907990115, 2.1632396542356016, -0.029469742511526432], "xAxis": [-0.2879003474589564, 0.3520848900062828, 0.05460011370948492, 2.3018560915894097, 2.1269531852135413, 0.031896400947903254], "xyPlane": [0.10137827480819006, 0.728843632441408, 0.05266722496842169, -2.3362188234454697, -2.08307856405117, -0.11833409820246105], "home": [-0.14244128922252217, 0.20765395576728513, 0.3210045392257198, -2.120846769238461, -2.2637897302623093, -0.024352056114989744], "drop": [-0.40771548619169556, 0.333104021436015, 0.1972598515198447, -2.2088687122318653, -2.173595445545929, 0.08064757906254408]}