{"origin": [-0.22273188373917205, 0.7297977127836915, 0.05673714430064808, -3.123079541302736, 0.05622200090381534, 0.0867208952924709], "xAxis": [-0.22366235593498934, 0.3512967892198928, 0.05303669904488176, 3.0885210188985424, -0.02388051905839314, -0.1069811740702879], "xyPlane": [0.16188304426645225, 0.7292160733733113, 0.05471190960763067, -3.123453306590972, 0.062482997838959886, 0.020113664521528424], "home": [-0.046215777123205196, 0.23429428967156918, 0.32313457369827125, 3.118815285512871, -0.00768433387540876, 0.027525404049795126], "drop": [-0.3962473616949114, 0.1392558897398874, 0.1640452907922784, 3.0836801939550487, 0.04482446591825885, -0.12613731091598498]}